amount,text_id,text
1,14205200,–°–Ω–∏–º—É –∂–∏–ª—å–µ. 500-600 —Ä—É–±–ª–µ–π —Å—É—Ç–∫–∏. –≠–∫–æ–Ω–æ–º –∫–ª–∞—Å—Å–∞. –ó–∞–µ–∑–¥ 18.06. –ù–∞ 9-10 –¥–Ω–µ–π. –ù–∞ –æ–¥–Ω–æ–≥–æ —á–µ–ª–æ–≤–µ–∫–∞.
5,319097075,"–∏—â–µ–º –∂–∏–ª—å–µ –≤ —Ü–µ–Ω—Ç—Ä–µ –Ω–µ–¥–∞–ª–µ–∫–æ –æ—Ç –º–æ—Ä—è —Å 23.07-03.08 - –Ω—É–∂–µ–Ω 1 –¥–≤—É—Ö–º–µ—Å—Ç–Ω—ã–π –Ω–æ–º–µ—Ä, 1 —Ç—Ä–µ—Ö–º–µ—Å—Ç–Ω—ã–π, –Ω–µ–¥–æ—Ä–æ–≥–æ. –∏–ª–∏ –∫–∞–∫ –≤–∞—Ä–∏–∞–Ω—Ç –¥–æ–º –Ω–∞ 2 —Å–µ–º—å–∏ (5 —á–µ–ª)"
7,98881311,–ò—â–µ–º –∂–∏–ª—å–µ –Ω–∞ –ø–µ—Ä–∏–æ–¥ —Å 18-28–∏—é–ª—è..–Ω–∞ –¥–≤–µ —Å–µ–º—å–∏ 4–≤–∑—Ä–æ—Å–ª—ã—Ö 3 –¥–µ—Ç–µ–π. .1500-2000–≤ —Å—É—Ç–∫–∏ –∑–∞ –Ω–æ–º–µ—Ä
6,44587027,"2 —Å–µ–º—å–∏ –ø–æ 3 —á–µ–ª–æ–≤–µ–∫–∞ (2 –≤–∑—Ä–æ—Å–ª—ã—Ö –∏ —Ä–µ–±–µ–Ω–æ–∫) —Å 01.09-13.09 —Å–Ω–∏–º–µ–º –∂–∏–ª—å—ë –≤ –ø—Ä–µ–¥–µ–ª–∞—Ö 5 –º–∏–Ω—É—Ç –æ—Ç –ø–ª—è–∂–∞, 1500 —Ä—É–±/—Å—É—Ç–∫–∏. –†–∞—Å—Å–º–æ—Ç—Ä–∏–º –≤—Å–µ –≤–∞—Ä–∏–∞–Ω—Ç—ã."
6,352802829,–°–Ω–∏–º—É –Ω–µ–¥–æ—Ä–æ–≥–æ–µ –∂–∏–ª—å–µ –≤ –ª–∞–∑–∞—Ä–µ–≤—Å–∫–æ–º –Ω–∞ 6 —á–µ–ª 3 –≤–∑—Ä –∏ 3 –¥–µ—Ç 30.07-09.08
2,52157605,"–ò—â–µ–º –∂–∏–ª—å–µ –Ω–∞ –¥–≤–æ–∏—Ö —Å 7.08-14.08 . –ë–ª–∏–∂–µ –∫ —Ü–µ–Ω—Ç—Ä—É –∏ –∫ –º–æ—Ä–µ—á–∫—É. (Wi-fi, –∫–æ–Ω–¥–∏—Ü–∏–æ–Ω–µ—Ä)"
2,408430986,"–°–Ω–∏–º—É –∂–∏–ª—å—ë –≤ –ê—à–µ ( –Ω–∞ —É–ª–∏—Ü–µ –†–µ–ø–∏–Ω–∞)
–° 16/29 –∏—é–ª—è 
2—Ö –º–µ—Å—Ç–Ω—ã–π –ø–∏—Å–∞—Ç—å –≤ –ª—Å)"
4,176294447,–°–Ω–∏–º–µ–º –∂–∏–ª—å–µ —Å 30.06-7.07 –î–≤–∞ –≤–∑—Ä–æ—Å–ª—ã—Ö –∏ 2–¥–µ—Ç–µ–π(7 –∏ 11–ª–µ—Ç). –ù–µ–¥–∞–ª–µ–∫–æ –æ—Ç –º–æ—Ä—è.
4,150296790,–°–Ω–∏–º–µ–º –∂–∏–ª—å—ë —Å 30 –∏—é–Ω—è –ø–æ 7 –∏—é–ª—è 3 –≤–∑—Ä–æ—Å–ª—ã—Ö –∏ —Ä–µ–±—ë–Ω–æ–∫
3,120627580,"–°–Ω–∏–º—É –Ω–µ –¥–æ—Ä–æ–≥–æ–µ –∂–∏–ª—å–µ 1 –≤–∑—Ä–æ—Å–ª—ã–π –∏ 2 —Ä–µ–±–µ–Ω–∫–∞ ( 9 –ª–µ—Ç –∏ 5 –ª–µ—Ç). –ü—Ä–∏–º–µ—Ä–Ω–æ —Å 10 –∏—é–ª—è, –Ω–∞ 20 –¥–Ω–µ–π. –°–ø–∞—Å–∏–±–æ"
4,447606306,"–î–æ–±—Ä—ã–π –¥–µ–Ω—å! –ò—â–µ–º –∂–∏–ª—å—ë (–≥–æ—Å—Ç–µ–≤–æ–π –¥–æ–º) —Å –ø–∞—Ä–∫–æ–≤–∫–æ–π –≤ –õ–∞–∑–∞—Ä–µ–≤—Å–∫–æ–º, –ø–ª–∞–Ω–∏—Ä—É–µ–º –ø—Ä–∏–µ–∑–¥ 5-6 –∞–≤–≥—É—Å—Ç–∞ –Ω–∞ 7 –¥–Ω–µ–π, –¥–≤–æ–µ –≤–∑—Ä–æ—Å–ª—ã—Ö –∏ –¥–≤–æ–µ –¥–µ—Ç–µ–π (16 –∏ 2 –≥) –Ω–µ –¥–∞–ª–µ–∫–æ –æ—Ç –º–æ—Ä—è. –†–∞—Å—Å–º–æ—Ç—Ä–∏–º –≤–∞—à–∏ –ø—Ä–µ–¥–ª–æ–∂–µ–Ω–∏—è!"
3,6705832,"–ó–¥—Ä–∞–≤—Å—Ç–≤—É–π—Ç–µ.–°–Ω–∏–º–µ–º –∂–∏–ª—å–µ —Å 12.07 –ø–æ 17.07
 2 –≤–∑—Ä–æ—Å–ª—ã—Ö –∏ 1 —Ä–µ–±–µ–Ω–æ–∫ 6 –ª–µ—Ç,—Å–æ –≤—Å–µ–º–∏ —É–¥–æ–±—Å—Ç–≤–∞–º–∏ –Ω–µ–¥–∞–ª–µ–∫–æ –æ—Ç –º–æ—Ä—è. –ü—Ä–∏–µ–∑–¥ –≤ —á–∞—Å –Ω–æ—á–∏."
5,98410800,"–ò—â–µ–º –∂–∏–ª—å–µ! 2–≤–∑—Ä–æ—Å–ª—ã—Ö –∏ 3 —Ä–µ–±–µ–Ω–∫–∞ ( 6,6 –∏ 4 –≥–æ–¥–∞) –º–æ–∂–Ω–æ 2 –¥–≤—É—Ö—Å–ø–∞–ª–∫–∏,–Ω–µ–¥–∞–ª–µ–∫–æ –æ—Ç —Ü–µ–Ω—Ç—Ä–∞ –∏ –º–æ—Ä—è,—ç–∫–æ–Ω–æ–º! –° 11.07 –ø–æ 23.07."
5,89356440,"–ó–¥—Ä–∞–≤—Å—Ç–≤—É–π—Ç–µ! –ò—â–µ–º –∂–∏–ª—å—ë –¥–ª—è 2 –≤–∑—Ä–æ—Å–ª—ã—Ö –∏ 3 –¥–µ—Ç–µ–π (17,5,,2) –≤ –ø–µ—Ä–∏–æ–¥ —Å 1.08.2018,–Ω–∞ 10 –¥–Ω–µ–π,–Ω–µ–¥–æ—Ä–æ–≥–æ."
6,8267186,"–ó–¥—Ä–∞–≤—Å—Ç–≤—É–π—Ç–µ! –ò—â–µ–º –∂–∏–ª—å—ë –¥–ª—è 2 –≤–∑—Ä–æ—Å–ª—ã—Ö –∏ 4 –¥–µ—Ç–µ–π (8,5,4,2) –≤ –ø–µ—Ä–∏–æ–¥ —Å 29.05.2018 –ø–æ 09.06.2018 –≥–æ–¥–∞ —Å –∫—É—Ö–Ω–µ–π, –Ω–µ–¥–∞–ª—ë–∫–æ –æ—Ç –º–æ—Ä—è! –ü—Ä–µ–¥–ª–æ–∂–µ–Ω–∏—è –≤ –ª/—Å"
4,12546114,"–ó–¥—Ä–∞–≤—Å—Ç–≤—É–π—Ç–µ ! –ò—â–µ–º –∂–∏–ª—å–µ –≤ –õ–∞–∑–∞—Ä–µ–≤—Å–∫–æ–º 4 —á–µ–ª–æ–≤–µ–∫–∞, —Å –±–∞—Å—Å–µ–π–Ω–æ–º —Å 1.08 –ø–æ 12.08!"
2,127719493,–ò—â–µ–º –∂–∏–ª—å—ë —Ä—è–¥–æ–º —Å –º–æ—Ä–µ–º . –ù–∞ 2 –≤–∑—Ä–æ—Å–ª–æ–≥–æ..–∫–æ–Ω–µ—Ü –∏—é–ª—è –Ω–∞—á–∞–ª–æ –∞–≤–≥—É—Å—Ç–∞ .. –Ω–∞ 10 –¥–Ω–µ–π. 1000-1500‚ÇΩ
4,65977922,"–ò—â–µ–º –∂–∏–ª—å—ë —Å15.06 –Ω–∞ 2 –Ω–µ–¥–µ–ª–∏ 2 –≤–∑—Ä–æ—Å–ª—ã–º–∏ 2 –¥–µ—Ç–µ–π , –Ω–µ –¥–∞–ª–µ–∫–æ –æ—Ç –º–æ—Ä—è ,–Ω–µ –¥–æ—Ä–æ–≥–æ –º–æ–∂–Ω–æ –∫–≤–∞—Ä—Ç–∏—Ä—É –∏ —Ç –¥ ?"
2,58833820,"–î–æ–±—Ä—ã–π –≤–µ—á–µ—Ä! –ò—â–µ–º –∂–∏–ª—å–µ –Ω–∞ 2 —á–µ–ª–æ–≤–µ–∫, —Å 3 —Å–µ–Ω—Ç—è–±—Ä—è –Ω–∞ 7 –¥–Ω–µ–π."
6,42581032,–î–æ–±—Ä—ã–π –≤–µ—á–µ—Ä! –∏—â–µ–º –∂–∏–ª—å–µ –Ω–∞ –æ—Ç–¥—ã—Ö —Å 16-29 –∞–≤–≥—É—Å—Ç–∞.–Ω–∞ 6 —á–µ–ª–æ–≤–µ–∫...
3,-158709235,–°–Ω–∏–º–µ–º —ç–∫–æ–Ω–æ–º –∂–∏–ª—å–µ –≤ –õ–∞–∑–∞—Ä–µ–≤—Å–∫–æ–º –æ–∫–æ–ª–æ –º–æ—Ä—è –∏ –ø–∞—Ä–∫–∞ —Å 14 –ø–æ 17 –∏—é–ª—è –Ω–∞ 2 –≤–∑—Ä–æ—Å–ª—ã—Ö –∏ –æ–¥–∏–Ω —Ä–µ–±–µ–Ω–æ–∫ 12 –ª–µ—Ç. –ö–≤–∞—Ä—Ç–∏—Ä–∞ –Ω–µ –∏–Ω—Ç–µ—Ä–µ—Å—É–µ—Ç!
4,109591148,"–ò—â–µ–º –∂–∏–ª—å—ë –Ω–∞ 4 –≤–∑—Ä–æ—Å–ª—ã—Ö —Å 31.08.18 –ø–æ 07.08.18, –∂–µ–ª–∞—Ç–µ–ª—å–Ω–æ —Ü–µ–Ω—Ç—Ä"
2,98770155,"–°–Ω–∏–º–µ–º –∂–∏–ª—å—ë —Å 1.09–ø–æ 8.09 –¥–≤—É—Ö–º–µ—Å—Ç–Ω—ã–π,—Å—É –≤ –Ω–æ–º–µ—Ä–µ ,–æ–ª–∏–º–ø–∏–π—Å–∫–∞—è –¥–µ—Ä–µ–≤–Ω—è –∏–ª–∏ —Ä—è–¥–æ–º ,–ø—Ä–µ–¥–ª–æ–∂–µ–Ω–∏—è –≤ –ª—Å."
4,123854173,"–ó–¥—Ä–∞–≤—Å—Ç–≤—É–π—Ç–µ, –∏–Ω—Ç–µ—Ä–µ—Å—É–µ—Ç –∂–∏–ª—å–µ,—Å 18 –∞–≤–≥—É—Å—Ç–∞ –ø–æ 24 ,–¥–≤–∞ –≤–∑—Ä–æ—Å–ª—ã—Ö,–∏ –¥–µ—Ç–∏ 3 –≥–æ–¥–∞ –∏ 4 –º–µ—Å—è—Ü–∞?"
3,28102570,–î–æ–±—Ä—ã–π –¥–µ–Ω—å! –°—Ä–æ—á–Ω–æ –∏—â–µ–º –∂–∏–ª—å–µ —Å 13.06 –ø–æ 20.06 –Ω–∞—Å 3  —á–µ–ª–æ–≤–µ–∫–∞(–≤—Å–µ –≤–∑—Ä–æ—Å–ª—ã–µ). –ñ–µ–ª–∞—Ç–µ–ª—å–Ω–æ —Å —É–¥–æ–±—Å—Ç–≤–∞–º–∏ –≤ –Ω–æ–º–µ—Ä–µ. –£ –í–∞—Å –µ—Å—Ç—å –∫–∞–∫–∏–µ-–Ω–∏–±—É–¥—å –≤–∞—Ä–∏–∞–Ω—Ç—ã? –°–ø–∞—Å–∏–±–æ
2,1253439,"–ò—â–µ–º –∂–∏–ª—å–µ –≤ —Å–∞–º–æ–º –õ–∞–∑–∞—Ä–µ–≤—Å–∫–æ–º –¥–ª—è –¥–≤–æ–∏—Ö, 2-–º–µ—Å—Ç–Ω—ã–π –Ω–æ–º–µ—Ä —Å —É–¥–æ–±—Å—Ç–≤–∞–º–∏, —Å 7-8 —Å–µ–Ω—Ç—è–±—Ä—è –Ω–µ –º–µ–Ω–µ–µ —á–µ–º –Ω–∞ –Ω–µ–¥–µ–ª—é, 700 —Ä. –∑–∞ –Ω–æ–º–µ—Ä"
6,409704480,"–î–æ–±—Ä—ã–π –¥–µ–Ω—å! –ò—â–µ–º –∂–∏–ª—å—ë –≤ –ø.–õ–∞–∑–∞—Ä–µ–≤—Å–∫–∞—è —Å 5.09 –ø–æ –ø–æ 17.09  4 –≤–∑—Ä–æ—Å–ª—ã—Ö –∏ –¥–≤–∞ —Ä–µ–±—ë–Ω–∫–∞.
–ñ–¥—ë–º –ø—Ä–µ–¥–ª–æ–∂–µ–Ω–∏—è –≤ –ª.—Å."
3,112939206,"–ú—É–∂, –∂–µ–Ω–∞ –∏ 3,5 –≥. –†–µ–±–µ–Ω–æ–∫,–∏—â–µ–º –∂–∏–ª—å–µ –≤ –õ–∞–∑–∞—Ä–µ–≤—Å–∫–æ–º, —á–∞—Å—Ç–Ω—ã–π —Å–µ–∫—Ç–æ—Ä. –ù–µ –¥–æ—Ä–æ–≥–æ. –ß–∏—Å–ª–∞ —Å 24_25 –∏—é–ª—è –Ω–∞ 5-7 –¥–Ω–µ–π. –ü–∏—Å–∞—Ç—å –õ–°. –ñ–µ–ª–∞—Ç–µ–ª—å–Ω–æ —Ä—è–¥–æ–º —Å –º–æ—Ä–µ–º"
4,6622223,"–ó–¥—Ä–∞–≤—Å—Ç–≤—É–π—Ç–µ!—Å–Ω–∏–º–µ–º –∂–∏–ª—å—ë –≤ —Å–∞–º–æ–º –õ–∞–∑–∞—Ä–µ–≤—Å–∫–æ–º ,–∏—â–µ–º –Ω–µ–¥–æ—Ä–æ–≥–æ–π —Å—Ç–∞–Ω–¥–∞—Ä—Ç –∏–ª–∏ —ç–∫–æ–Ω–æ–º !!—Å 18 –∏—é–ª—è –Ω–∞ 10 –¥–Ω–µ–π !!!–Ω—É–∂–Ω—ã 2 –Ω–æ–º–µ—Ä–∞ –ø–æ 2 —á–µ–ª–æ–≤–µ–∫–∞"
3,45915115,–ò—â–µ–º –∂–∏–ª—å—ë 2 –≤–∑—Ä–æ—Å–ª—ã—Ö –∏ —Ä–µ–±—ë–Ω–æ–∫ 6 –ª–µ—Ç. –° 8 –∏—é–ª—è –ø–æ 21 –∏—é–ª—è
6,28995748,"–ò—â–µ–º –Ω–µ–¥–æ—Ä–æ–≥–æ–µ –∂–∏–ª—å–µ –Ω–µ–¥–∞–ª–µ–∫–æ –æ—Ç –º–æ—Ä—è. 3-–º–µ—Å—Ç–Ω—ã–π –∏ 2-–º–µ—Å—Ç–Ω—ã–π —ç–∫–æ–Ω–æ–º. 3 –≤–∑—Ä–æ—Å–ª—ã—Ö –∏ 3 –¥–µ—Ç–µ–π (2,9,11 –ª–µ—Ç). –°—Ç—Ä–æ–≥–æ —Å 20 –ø–æ 30 –∏—é–ª—è"
2,137402178,"–ó–¥—Ä–∞–≤—Å—Ç–≤—É–π—Ç–µ,–∏—â–µ–º –∂–∏–ª—å–µ. 2—Ö –º–µ—Å—Ç–Ω—ã–π –Ω–æ–º–µ—Ä,—Å —É–¥–æ–±—Å—Ç–≤–∞–º–∏. —Å 17.07 –ø–æ 27.07."
4,17343293,"–ó–¥—Ä–∞–≤—Å—Ç–≤—É–π—Ç–µ,–∏—â–µ–º –∂–∏–ª—å—ë üòä
–õ–∞–∑–æ—Ä–µ–≤—Å–∫–æ–µ —Å 29.06. –ü–æ 25.07. 4—á–µ–ª. ( 2 –≤–∑—Ä–æ—Å–ª—ã—Ö –∏ 2 –¥–µ—Ç–µ–π) —Å—É–º–º–∞ –Ω–µ –±–æ–ª–µ–µ 65000 —Ä. –ö–≤–∞—Ä—Ç–∏—Ä–∞ 2-—Ö –∫–æ–º."
4,20755551,"–ò—â–µ–º –∂–∏–ª—å—ë –≤ –õ–∞–∑–∞—Ä–µ–≤—Å–∫–æ–º,–∂–µ–ª–∞—Ç–µ–ª—å–Ω–æ —É–ª–∏—Ü–∞ –ü–∞–≤–ª–æ–≤–∞,–Ω–µ –¥–∞–ª–µ–∫–æ –æ—Ç –º–æ—Ä—è (5 –º–∏–Ω.) –≤ –ø–µ—Ä–∏–æ–¥ —Å 10.06 –ø–æ 26.06. –í–∑—Ä–æ—Å–ª—ã—Ö 2,–¥–µ—Ç–µ–π 2 –ø–æ 7 –ª–µ—Ç.–†–∞—Å—Å–º–æ—Ç—Ä–∏–º –≤—Å–µ –≤–∞—Ä–∏–∞–Ω—Ç—ã"
8,154176552,"–ó–¥—Ä–∞–≤—Å—Ç–≤—É–π—Ç–µ, –∏–Ω—Ç–µ—Ä–µ—Å—É–µ—Ç –∂–∏–ª—å–µ –Ω–∞ 8 —á–µ–ª–æ–≤–µ–∫ (4–≤–∑—Ä,4 —Ä–µ–±) –Ω–∞ –ø–µ—Ä–∏–æ–¥ —Å 08.07-17.07, —Ü–µ–Ω–∞ –∏ –∞–¥—Ä–µ—Å? –°–ø–∞—Å–∏–±–æ"
1,436988893,–ò–Ω—Ç–µ—Ä–µ—Å—É–µ—Ç –∂–∏–ª—å–µ –Ω–∞ –æ–¥–Ω–æ–≥–æ —á–µ–ª–æ–≤–µ–∫–∞ —Å 08.07. –¥–æ 15.07. –ù–µ –¥–∞–ª–µ–∫–æ –æ—Ç –ø–ª—è–∂–∞ ü§ó
3,116954663,"–ó–¥—Ä–∞–≤—Å—Ç–≤—É–π—Ç–µ, –∏–Ω—Ç–µ—Ä–µ—Å—É–µ—Ç –∂–∏–ª—å–µ —Å 17.08 –ø–æ 25.08 –¥–≤–æ–µ –≤–∑—Ä–æ—Å–ª—ã—Ö –∏ –¥–µ–≤–æ—á–∫–∞ 14 –ª–µ—Ç."
2,82784856,–ó–¥—Ä–∞–≤—Å—Ç–≤—É–π—Ç–µ! –ò–Ω—Ç–µ—Ä–µ—Å—É–µ—Ç –∂–∏–ª—å–µ —Å 11 –ø–æ 22 –∞–≤–≥—É—Å—Ç–∞. –û–¥–∏–Ω –≤–∑—Ä–æ—Å–ª—ã–π –∏ —Ä–µ–±–µ–Ω–æ–∫.
2,394028741,"–ó–¥—Ä–∞–≤—Å—Ç–≤—É–π—Ç–µ, –∏–Ω—Ç–µ—Ä–µ—Å—É–µ—Ç –∂–∏–ª—å—ë —Å 7.09 –ø–æ 14.09. –ù–∞ –¥–≤–æ–∏—Ö –≤–∑—Ä–æ—Å–ª—ã—Ö. –¶–µ–Ω–∞"
3,143782331,–ó–¥—Ä–∞–≤—Å—Ç–≤—É–π—Ç–µ. –ò–Ω—Ç–µ—Ä–µ—Å—É–µ—Ç –∂–∏–ª—å–µ 3 –º–µ—Å—Ç–Ω—ã–π –Ω–æ–º–µ—Ä.—Å20 .06 –ø–æ 28.06 –Ω–µ –¥–∞–ª–µ–∫–æ –æ—Ç –º–æ—Ä—è.
4,165421719,"–î–æ–±—Ä—ã–π –î–µ–Ω—å!! –°–µ–º—å—è 4 —á–µ–ª–æ–≤–µ–∫–∞, 2 –≤–∑—Ä–æ—Å–ª—ã—Ö, –¥–µ—Ç–∏ 10 –∏ 3 –≥–æ–¥–∞, –∏—â–µ–º –∂–∏–ª—å–µ, –º–æ–∂–Ω–æ 3-—Ö –º–µ—Å—Ç–Ω—ã–π —Å –¥–æ–ø.–º–µ—Å—Ç–æ–º. –° 1 –∏—é–ª—è –ø–æ–±–ª–∏–∂–µ –∫ –º–æ—Ä—é –∏ –Ω–µ –¥–æ—Ä–æ–≥–æ

üòâ"
3,7602210,"–ò—â–µ–º –∂–∏–ª—å—ë –¥–ª—è 2-—Ö –≤–∑—Ä–æ—Å–ª—ã—Ö, —Ä–µ–±—ë–Ω–æ–∫ (7 –ª–µ—Ç) –∏ —Å–æ–±–∞–∫–∞. –¢–æ–ª—å–∫–æ –ß—ë—Ä–Ω–æ–µ –º–æ—Ä–µ, –Ω–µ –ö—Ä—ã–º –∏ –ê–Ω–∞–ø–∞. 
–° 15 –∏—é–ª—è –Ω–∞ 10 –¥–Ω–µ–π. 
–ü—Ä–µ–¥–ª–æ–∂–µ–Ω–∏—è –≤ –ª–∏—á–∫—É."
3,72702202,"–ò—â—É –∂–∏–ª—å–µ, –∏–Ω—Ç–µ—Ä–µ—Å—É–µ—Ç –ü–∏—Ü—É–Ω–¥–∞, –ø–µ—Å—á–∞–Ω—ã–π –ø–ª—è–∂, –Ω–µ–¥–∞–ª–µ–∫–æ –æ—Ç –º–æ—Ä—è. –° 20-22 –Ω–∞ 10 –¥–Ω–µ–π, 2 –≤–∑—Ä–æ—Å–ª—ã—Ö + 1 —Ä–µ–±–µ–Ω–æ–∫ 2,5 –≥–æ–¥–∞ –†–∞—Å—Å–º–æ—Ç—Ä—é –≤—Å–µ –≤–∞—Ä–∏–∞–Ω—Ç—ã."
3,24429619,"–ò–Ω—Ç–µ—Ä–µ—Å—É–µ—Ç –∂–∏–ª—å–µ –≤ –°–æ—á–∏ —É –ø–ª—è–∂–∞ ""–†–∏–≤—å–µ—Ä–∞"" (–º–∞–∫—Å–∏–º–∞–ª—å–Ω–æ –±–ª–∏–∑–∫–æ –∫ –º–æ—Ä—é!!!) —Å 8 –ø–æ 15 –∏—é–ª—è. 1 –Ω–æ–º–µ—Ä/–∫–≤–∞—Ä—Ç–∏—Ä–∞/–∫–æ–º–Ω–∞—Ç–∞, 3 —á–µ–ª–æ–≤–µ–∫–∞. –ü—Ä–µ–¥–ª–æ–∂–µ–Ω–∏—è –≤ –ª/—Å"
6,204925103,"–ò—â–µ–º –∂–∏–ª—å–µ –Ω–∞ –Ω–∞—á–∞–ª–æ –∞–≤–≥—É—Å—Ç–∞. –î–≤–æ–µ –≤–∑—Ä–æ—Å–ª—ã—Ö –∏ —á–µ—Ç—ã—Ä–µ —Ä–µ–±–µ–Ω–∫–∞ - 13, 8 , 4 –∏ 1 –≥–æ–¥–∏–∫. –ñ–µ–ª–∞—Ç–µ–ª—å–Ω–æ –æ—Ç–¥–µ–ª—å–Ω–∞—è –∫–≤–∞—Ä—Ç–∏—Ä–∞."
2,245617104,–ü—Ä–∏–µ–∑–∂–∞–µ–º 3 –∏—é–ª—è –≤ –õ–æ–æ. –°–µ–º–µ–π–Ω–∞—è –ø–∞—Ä–∞. –ò—â–µ–º –∂–∏–ª—å—ë –¥–æ 1300—Ä –∑–∞ —Å—É—Ç–∫–∏. –ù–∞ 5-6 –¥–Ω–µ–π. –° –ø—Ä–µ–¥–ª–æ–∂–µ–Ω–∏–µ–º –≤ –ª—Å. –í—Å–µ–º —Å–ø–∞—Å–∏–±–æ.
3,131617606,–î–æ–±—Ä—ã–π –≤–µ—á–µ—Ä. –ò—â–µ–º –∂–∏–ª—å–µ —Å 17.08 –Ω–∞ 10 –¥–Ω–µ–π. –ñ–µ–ª–∞—Ç–µ–ª—å–Ω–æ —Å –±–∞—Å—Å–µ–π–Ω–æ–º. 2–µ –≤–∑—Ä–æ—Å–ª—ã—Ö –∏ —Ä–µ–±–µ–Ω–æ–∫ 5 –ª–µ—Ç
4,13769140,"–õ–∞–∑–∞—Ä–µ–≤—Å–∫–æ–µ, –°–æ–ª–æ–Ω–∏–∫–∏ - –±—é–¥–∂–µ—Ç–Ω–æ–µ –∂–∏–ª—å–µ –Ω–∞ 3 —Å—É—Ç–æ–∫ 4 –≤–∑—Ä–æ—Å–ª—ã—Ö —Å 5.09 –∏–Ω—Ç–µ—Ä–µ—Å—É–µ—Ç. –¢–æ–ª—å–∫–æ –≤ –ª–∏—á–∫—É."
4,136293583,"–ó–¥—Ä–∞–≤—Å—Ç–≤—É–π—Ç–µ, –∏—â–µ–º –∂–∏–ª—å–µ —Å 10.08–ø–æ 20.08,–¥–≤–∞ –≤–∑—Ä–æ—Å–ª—ã—Ö,–¥–≤–∞ —Ä–µ–±–µ–Ω–∫–∞,–Ω–µ –¥–∞–ª–µ–∫–æ –æ—Ç –º–æ—Ä—è."
3,219105839,"–ó–¥—Ä–∞–≤—Å—Ç–≤—É–π—Ç–µ. –ò–Ω—Ç–µ—Ä–µ—Å—É–µ—Ç –∂–∏–ª—å—ë –≤ –õ–∞–∑–∞—Ä–µ–≤—Å–∫–æ–º. 3–µ –≤–∑—Ä–æ—Å–ª—ã—Ö. 
–°–æ —Å–≤–æ–∏–º —Å–∞–Ω —É–∑–ª–æ–º –∏ –∂–µ–ª–∞—Ç–µ–ª—å–Ω–æ —Å –±–∞–ª–∫–æ–Ω–æ–º. –ù–µ –±–æ–ª—å—à–µ 10–º–∏–Ω –¥–æ –º–æ—Ä—è. 
–ü–æ –ø—Ä–∏–µ–º–ª–µ–º—ã–º —Ü–µ–Ω–∞–º. 
–° 4 –∞–≤–≥—É—Å—Ç–∞ –¥–Ω–µ–π –Ω–∞ 7-10"
3,359673002,–ò—â–µ–º –∂–∏–ª—å—ë —Å 18-19 –∞–≤–≥—É—Å—Ç–∞ –Ω–∞ 7 –¥–Ω–µ–π.–ß–∞—Å—Ç–Ω—ã–π —Å–µ–∫—Ç–æ—Ä.–û–±—è–∑–∞—Ç–µ–ª—å–Ω–æ —Å –º–µ—Å—Ç–æ–º –¥–ª—è –ø–∞—Ä–∫–æ–≤–∫–∏ –ª–µ–≥–∫–æ–≤–æ–π –º–∞—à–∏–Ω—ã.–ù–∞—Å 3 –≤–∑—Ä–æ—Å–ª—ã—Ö.
3,258222164,"–î–æ–±—Ä—ã–π –¥–µ–Ω—å. –ò—â–µ–º  –∫–æ–º—Ñ–æ—Ä—Ç–Ω–æ–µ –∂–∏–ª—å—ë –≤ –õ–∞–∑–∞—Ä–µ–≤—Å–∫–æ–º. 
2 –≤–∑—Ä–æ—Å–ª—ã—Ö –∏ –†–µ–±–µ–Ω–æ–∫ 3 –≥–æ–¥–∞ 
–° 15 –ø–æ 22 –∞–≤–≥—É—Å—Ç–∞."
4,470788217,"–ò—â–µ–º –∂–∏–ª—å—ë –≤ –õ–∞–∑–∞—Ä–µ–≤—Å–∫–æ–µ –∑–∞–µ–∑–¥ 13 –∏—é–ª—è –Ω–∞ 10 –¥–Ω–µ–π, 2 –≤–∑—Ä, –¥–µ—Ç–∏ 2 –≥–æ–¥–∞ –∏ 5 –ª–µ—Ç, –ø—Ä–µ–¥–ø–æ—á—Ç–µ–Ω–∏—è –¥—É—à, —Ç—É–∞–ª–µ—Ç, —Ö–æ–ª–æ–¥–∏–ª—å–Ω–∏–∫, –∫–æ–Ω–¥–∏—Ü–∏–æ–Ω–µ—Ä –≤ –Ω–æ–º–µ—Ä–µ, –ø–∞—Ä–∫–æ–≤–∫–∞ –¥–ª—è –∞–≤—Ç–æ,  —Ä–∞—Å—Å–º–æ—Ç—Ä–∏–º –≤–∞—Ä–∏–∞–Ω—Ç—ã, –Ω–µ –∫—É—Ä–∏–º"
4,214627751,–ó–¥—Ä–∞–≤—Å—Ç–≤—É–π—Ç–µ! –ò–Ω—Ç–µ—Ä–µ—Å—É–µ—Ç –∂–∏–ª—å–µ –Ω–µ–¥–æ—Ä–æ–≥–æ 1-10 —Å–µ–Ω—Ç—è–±—Ä—è.2 –≤–∑—Ä –∏ 2 –¥–µ—Ç–µ–π-1 –Ω–æ–º–µ—Ä –Ω—É–∂–µ–Ω.–í –õ–°.
4,68345567,"–î–æ–±—Ä—ã–π –¥–µ–Ω—å , –∏–Ω—Ç–µ—Ä–µ—Å—É–µ—Ç –∂–∏–ª—å—ë , –º–æ–∂–Ω–æ —ç–∫–æ–Ω–æ–º —Å 19 –ø–æ 29 –∞–≤–≥—É—Å—Ç–∞ , –Ω—É–∂–Ω–æ –¥–≤–∞ –¥–≤—É—Ö–º–µ—Å—Ç–Ω—ã—Ö –Ω–æ–º–µ—Ä–∞ , –∏–ª–∏ 1 –Ω–∞ 4—Ö —á–µ–ª–æ–≤–µ–∫"
2,477872593,–î–æ–±—Ä—ã–π –¥–µ–Ω—å. –°–Ω–∏–º—É –∂–∏–ª—å—ë –Ω–∞ 2 –Ω–µ–¥–µ–ª–∏. –ö–æ–Ω–µ—Ü –∞–≤–≥—É—Å—Ç–∞-–Ω–∞—á–∞–ª–∞ —Å–µ–Ω—Ç—è–±—Ä—è. –î–≤–∞ –≤–∑—Ä–æ—Å–ª—ã—Ö —á–µ–ª–æ–≤–µ–∫–∞. –ü–æ –∞–¥–µ–∫–≤–∞—Ç–Ω–æ–π —Ü–µ–Ω–µ –≤ –ø—Ä–∏–ª–∏—á–Ω–æ–º –º–µ—Å—Ç–µ. –ü–∏—à–∏—Ç–µ –≤ –ª—Å.
2,29646178,–ò—â–µ–º –∂–∏–ª—å–µ –Ω–∞ 2–∏—Ö(–≤–∑—Ä–æ—Å–ª—ã–π –∏ —Ä–µ–±–µ–Ω–æ–∫(9–ª–µ—Ç))–ù–æ–º–µ—Ä —Å–æ –≤—Å–µ–º–∏ —É–¥–æ–±—Å—Ç–≤–∞–º–∏.....–¥–æ –º–æ—Ä—è –Ω–µ –¥–æ–ª—å—à–µ 10–º–∏–Ω .....–æ–±–æ—Ä—É–¥.–ø–ª—è–∂–∏......–≤ —à–∞–≥–æ–≤–æ–π –¥–æ—Å—Ç—É–ø–Ω–æ—Å—Ç–∏ —Ä–∞–∑–≤–ª–µ–∫–∞—Ç–µ–ª—å–Ω–∞—è –∏–Ω—Ñ—Ä–∞—Å—Ç—É–∫—Ç—É—Ä–∞...—Å–µ—Ä–µ–¥–∏–Ω–∞ –∏—é–Ω—è
2,54215543,"–ò—â–µ–º –∂–∏–ª—å–µ –≤ –õ–∞–∑–∞—Ä–µ–≤—Å–∫–æ–º —Å 12 –ø–æ 18 –∞–≤–≥—É—Å—Ç–∞. 
–ù–µ –¥–æ—Ä–æ–∂–µ 1000—Ä –∑–∞ –∫–æ–º–Ω–∞—Ç—É. –ù–∞—Å –¥–≤–æ–µ."
2,37583310,"–ò—â–µ–º –∂–∏–ª—å—ë —ç–∫–æ–Ω–æ–º –∫–ª–∞—Å—Å–∞, –¥–æ 1000 –Ω–∞ –¥–≤–æ–∏—Ö, —Å 7 –ø–æ 15 –∞–≤–≥—É—Å—Ç–∞, –Ω–µ–¥–∞–ª–µ–∫–æ –æ—Ç –º–æ—Ä—è. –ü–∏—Å–∞—Ç—å –≤ –ª–∏—á–∫—É"
2,145108184,–ò—â–µ–º –∂–∏–ª—å–µ —ç–∫–æ–Ω–æ–º —Å 6 –ø–æ 16 —Å–µ–Ω—Ç—è–±—Ä—è –¥–ª—è –∂–µ–Ω—â–∏–Ω—ã —Å —Ä–µ–±–µ–Ω–∫–æ–º 6 –ª–µ—Ç –Ω–µ–¥–∞–ª–µ–∫–æ –æ—Ç –º–æ—Ä—è.–ü–∏—à–∏—Ç–µ –≤ –ª–∏—á–∫—É
3,84564596,–î–æ–±—Ä—ã–π –¥–µ–Ω—å. –ò—â–µ–º –∂–∏–ª—å—ë –≤ –õ–∞–∑–∞—Ä–µ–≤—Å–∫–æ–º. –° 10.08.2018 –ø–æ 26.08.2018. –î–≤–∞ –≤–∑—Ä–æ—Å–ª—ã—Ö –∏ —Ä–µ–±–µ–Ω–æ–∫ 10 –ª–µ—Ç.
4,17027538,–ó–¥—Ä–∞–≤—Å—Ç–≤—É–π—Ç–µ! –ò—â–µ–º –∂–∏–ª—å—ë –Ω–∞ –∞–≤–≥—É—Å—Ç–∞ —á–∏—Å–ª–∞ —Å 6-7 –Ω–∞ –Ω–µ–¥–µ–ª—å–∫—É. 2 –≤–∑—Ä–æ—Å–ª—ã—Ö –∏ 2 —Ä–µ–±–µ–Ω–∫–∞ 6 –∏ 9 –ª–µ—Ç! –ñ–µ–ª–∞—Ç–µ–ª—å–Ω–æ –Ω–æ–º–µ—Ä –≤ –ø—Ä–µ–¥–µ–ª–∞—Ö 2000 –∏–ª–∏ 500—Ä —Å —á–µ–ª–æ–≤–µ–∫–∞
11,223485927,"–ò—â–µ–º –∂–∏–ª—å–µ —Å 16.08-24.08, –∂–µ–ª–∞—Ç–µ–ª—å–Ω–æ –¥–æ–º –Ω–∞ 4 —Å–µ–º—å–∏,6 –≤–∑—Ä–æ—Å–ª—ã—Ö –∏ 5 –¥–µ—Ç–µ–π"
2,78108095,"–ó–¥—Ä–∞–≤—Å—Ç–≤—É–π—Ç–µü§ó
–ò—â–µ–º –∂–∏–ª—å—ë –≤ —Ü–µ–Ω—Ç—Ä–µ —Ä—è–¥–æ–º —Å –º–æ—Ä–µ–ºüåä
–¶–µ–Ω–∞ –∑–∞ –Ω–æ–º–µ—Ä –¥–æ2Ô∏è‚É£0Ô∏è‚É£0Ô∏è‚É£0Ô∏è‚É£—Ä—É–± —Å —É–¥–æ–±—Å—Ç–≤–∞–º–∏ üöø
–ü—Ä–∏–µ–∑–∂–∞–µ–º –ø–∞—Ä–æ–π —Å 10 –∞–≤–≥—É—Å—Ç–∞ –ø–æ 18 –∞–≤–≥—É—Å—Ç–∞ üìÜ"
3,86482847,–ó–¥—Ä–∞–≤—Å—Ç–≤—É–π—Ç–µ! –ò—â–µ–º –∂–∏–ª—å—ë —Å 15  –ø–æ 23 –∞–≤–≥—É—Å—Ç–∞ 2 –≤–∑—Ä–æ—Å–ª—ã—Ö 1 —Ä–µ–±—ë–Ω–æ–∫ 6 –ª–µ—Ç. –ò —Å–∫–æ–ª—å–∫–æ –±—É–¥–µ—Ç –ø–æ —Ü–µ–Ω–µ?
2,24824783,–°–Ω–∏–º—É –∂–∏–ª—å–µ –≤ –∏—é–Ω–µ —É –º–æ—Ä—è 2 –≤–∑—Ä–æ—Å–ª—ã—Ö –¥–æ 1500 –≤ —Å—É—Ç–∫–∏
2,255826470,"–ò—â–µ–º –∂–∏–ª—å–µ –≤ –õ–∞–∑–∞—Ä–µ–≤—Å–∫–æ–º —Å 12.09. –ø–æ 20.09. –°–µ–º–µ–π–Ω–∞—è –ø–∞—Ä–∞,—Ç–æ–ª—å–∫–æ —á–∞—Å—Ç–Ω—ã–π —Å–µ–∫—Ç–æ—Ä."
5,137033136,–î–æ–±—Ä—ã–π –¥–µ–Ω—å –∏–Ω—Ç–µ—Ä–µ—Å—É–µ—Ç –∂–∏–ª—å–µ —Å–µ–º—å—è 5 —á–µ–ª–æ–≤–µ–∫ –¥–≤–æ–µ –≤–∑—Ä–æ—Å–ª—ã—Ö –∏ —Ç—Ä–æ–µ –¥–µ—Ç–µ–π —Å 20 –ø–æ 30 —Å–µ–Ω—Ç—è–±—Ä—è –Ω–∞ –±–µ—Ä–µ–≥—É –º–æ—Ä—è —Ü–µ–Ω–∞ –ø–æ–∂–∞–π–ª—É—Å—Ç–∞ –≤ –ª–∏—á–∫—É
3,17642481,–î–æ–±—Ä—ã–π –¥–µ–Ω—å! –ò–Ω—Ç–µ—Ä–µ—Å—É–µ—Ç –∂–∏–ª—å–µ —Å 10-20 –º–∞—è. 2 –≤–∑—Ä–æ—Å–ª—ã—Ö 1 —Ä–µ–±–µ–Ω–æ–∫. –í –õ–∞–∑–∞—Ä–µ–≤—Å–∫–æ–º
4,14837379,"–î–æ–±—Ä—ã–π –¥–µ–Ω—å,–∏–Ω—Ç–µ—Ä–µ—Å—É–µ—Ç –∂–∏–ª—å—ë —Å 11.08 –ø–æ 23.08 —ç–∫–æ–Ω–æ–º –Ω–∞ 4 —á–µ–ª,2 –¥–µ—Ç–µ–π –∏ 2 –≤–∑—Ä–æ—Å–ª—ã—Ö."
3,79737918,–î–æ–±—Ä—ã–π –¥–µ–Ω—å!–ò—â–µ–º –∂–∏–ª—å–µ —Å 25.04-05.05 2 –≤–∑—Ä–æ—Å–ª—ã—Ö + —Ä–µ–±–µ–Ω–æ–∫ 3—Ö –ª–µ—Ç!–î—É—à –∏ —Ç—É–∞–ª–µ—Ç –≤ –Ω–æ–º–µ—Ä–µ!
2,5596251,"–∑–¥—Ä–∞–≤—Å—Ç–≤—É–π—Ç–µ. —Å 24 –∏—é–ª—è –ø–æ 1 –∞–≤–≥—É—Å—Ç–∞ –∏—â–µ–º –∂–∏–ª—å–µ –¥–ª—è 2-—Ö –≤–∑—Ä–æ—Å–ª—ã—Ö —ç–∫–æ–Ω–æ–º. —Å—Ç–æ–∏–º–æ—Å—Ç—å –ø–æ–¥—Å–∫–∞–∂–∏—Ç–µ, –ø–æ–∂–∞–ª—É–π—Å—Ç–∞?"
3,49704706,–∏—â–µ–º –∂–∏–ª—å–µ –Ω–∞ 10 –¥–Ω–µ–π —Å 25 –∏—é–ª—è –ø–æ 4-5 –∞–≤–≥—É—Å—Ç–∞ –Ω–∞ 3 —á–µ–ª–æ–≤–µ–∫
2,39677362,"–ó–¥—Ä–∞–≤—Å—Ç–≤—É–π—Ç–µ! –ò—â–µ–º –∂–∏–ª—å–µ –≤ —á–∞—Å—Ç–Ω–æ–º —Å–µ–∫—Ç–æ—Ä–µ —ç–∫–æ–Ω–æ–º –Ω–∞ 2—Ö —á–µ–ª–æ–≤–µ–∫, –∫–∞–∫–∏–µ —Ü–µ–Ω—ã?"
2,339982855,"–ó–¥—Ä–∞–≤—Å—Ç–≤—É–π—Ç–µ! –ò—â–µ–º –∂–∏–ª—å–µ –≤ —á–∞—Å—Ç–Ω–æ–º —Å–µ–∫—Ç–æ—Ä–µ —ç–∫–æ–Ω–æ–º –Ω–∞ 2—Ö —á–µ–ª–æ–≤–µ–∫ –≤ –ø–µ—Ä–∏–æ–¥ —Å 4 –ø–æ 13–∏—é–ª—è.(—É–ª.–ü–µ—Ä–µ—É–ª–æ–∫ –ü–æ–±–µ–¥—ã,—É–ª.–°–≤–∏—Ä—Å–∫–∞—è,—É–ª.–°–µ–¥–æ–≤–∞). –†–∞—Å—Å–º–æ—Ç—Ä–∏–º –≤—Å–µ –≤–∞—Ä–∏–∞–Ω—Ç—ã."
4,16515566,"–ó–¥—Ä–∞–≤—Å—Ç–≤—É–π—Ç–µ, –∏–Ω—Ç–µ—Ä–µ—Å—É–µ—Ç –∂–∏–ª—å–µ –ø.–õ–∞–∑–∞—Ä–µ–≤—Å–∫–æ–µ 2 –≤–∑—Ä + 2 —Ä–µ–±. 6 –∏ 8 –ª–µ—Ç —Å 08.08 –ø–æ 21.08? –ù–µ–¥–æ—Ä–æ–≥–æ! –†—è–¥–æ–º —Å –º–æ—Ä–µ–º!"
5,154900963,"–°–Ω–∏–º–µ–º –∂–∏–ª—å–µ –≤ –õ–∞–∑–∞—Ä–µ–≤—Å–∫–æ–º —Å 30.07 –ø–æ 09.08.15 –≥. –ù–∞—Å 3 –≤–∑—Ä–æ—Å–ª—ã—Ö, 
2 –¥–µ—Ç–µ–π 5 –ª–µ—Ç –∏ 3,9 –ª–µ—Ç."
1,237679797,"–ê –º–æ—Ä–µ —Ç–æ –¥–∞–ª–µ–∫–æ? –ò–ª–∏ –µ—Å—Ç—å –∫–∞–∫–∏–µ —Ç–æ —Ç–∞–π–Ω—ã–µ —Ç—Ä–æ–ø—ã? 
–ï—Å–ª–∏ —è —Å–Ω–∏–º—É –∂–∏–ª—å—ë –Ω–∞ —ç—Ç–æ–π —É–ª–∏—Ü–µ , —Å–∫–æ–ª—å–∫–æ –º–Ω–µ –ø–µ—à–∫–æ–º –∏–¥—Ç–∏ –¥–æ –º–æ—Ä—è ? –ê –≥–ª–∞–≤–Ω–æ–µ - —Å–∫–æ–ª—å–∫–æ –º–Ω–µ –ø–µ—à–∫–æ–º –∏–¥—Ç–∏ –æ–±—Ä–∞—Ç–Ω–æ ? –í –≥–æ—Ä—É. –ü–æ –∂–∞—Ä–µ ."
3,69438266,"–ó–¥—Ä–∞–≤—Å—Ç–≤—É–π—Ç–µ –∏—â–µ–º –∂–∏–ª—å–µ –≤ –°–æ—á–∏ —Å 14.08 –Ω–∞ 7 –Ω–æ—á–µ–π,2 –≤–∑—Ä–æ—Å–ª—ã—Ö 1 —Ä–µ–±–µ–Ω–æ–∫ 4 –≥–æ–¥–∞,–Ω–µ–¥–∞–ª–µ–∫–æ –æ—Ç –º–æ—Ä—è,—Ä–∞–∑–≤–ª–µ—á–µ–Ω–∏–π,–≤–æ –¥–≤–æ—Ä–µ —Å –∏–≥—Ä–æ–≤–æ–π –ø–ª–æ—â–∞–¥–∫–æ–π –∏ –∂–µ–ª–∞—Ç–µ–ª—å–Ω–æ —Å –±–∞—Å—Å–µ–π–Ω–æ–º.–ü—Ä–µ–¥–ª–æ–∂–µ–Ω–∏—è –ø–æ–∂–∞–ª—É–π—Å—Ç–∞ –≤ –ª–∏—á–Ω—ã–µ —Å–æ–æ–±—â–µ–Ω–∏—èüòä"
1,3015738,–ó–¥—Ä–∞–≤—Å—Ç–≤—É–π—Ç–µ! –ò–Ω—Ç–µ—Ä–µ—Å—É–µ—Ç –∂–∏–ª—å–µ –Ω–∞ —Å—Ä–æ–∫ –±–æ–ª–µ–µ –≥–æ–¥–∞!?? –ë—É–¥—É –∂–∏—Ç—å —è
4,414557480,–ò—â–µ–º –∂–∏–ª—å—ë —Å 4.07.–Ω–∞ 20 –¥–Ω–µ–π. 2 –≤–∑—Ä–æ—Å–ª—ã—Ö –∏ 2 –¥–µ—Ç–µ–π
4,31701880,–ó–¥—Ä–∞–≤—Å—Ç–≤—É–π—Ç–µ. –ò—â–µ–º –∂–∏–ª—å–µ —Å 27.06 –ø–æ 5.07 –Ω–∞ 4 —á–µ–ª–æ–≤–µ–∫–∞ (1 –≤–∑—Ä–æ—Å–ª–∞—è –ø–∞—Ä–∞ –∏ –º–∞–º–∞ —Å —Ä–µ–±–µ–Ω–∫–æ–º 6 –ª–µ—Ç).–ù–µ–¥–∞–ª–µ–∫–æ –æ—Ç –ø–ª—è–∂–∞. –ü—Ä–µ–¥–ª–æ–∂–µ–Ω–∏—è –≤ –ª–∏—á–∫—É.
4,144045291,"–î–æ–±—Ä–æ–µ –≤—Ä–µ–º—è —Å—É—Ç–æ–∫) –ò—â–µ–º –∂–∏–ª—å—ë- —ç–∫–æ–Ω–æ–º, —Å  8 –∏—é–ª—è –ø–æ 14 –∏—é–ª—è , 2 –≤–∑—Ä–æ—Å–ª—ã—Ö –∏ 2 –¥–µ—Ç–µ–π ( 8 –∏ 13 –ª–µ—Ç), –≤ —à–∞–≥–æ–≤–æ–π –¥–æ—Å—Ç—É–ø–Ω–æ—Å—Ç–∏ –æ—Ç –º–æ—Ä—è, —Ä—è–¥–æ–º –º–∞–≥–∞–∑–∏–Ω—ã, –æ–∫—Ä–∞–∏–Ω—ã –Ω–µ –ø—Ä–µ–¥–ª–∞–≥–∞—Ç—å!! –ñ–µ–ª–∞—Ç–µ–ª—å–Ω–æ —Å –±–∞—Å—Å–µ–π–Ω–æ–º."
1,71882262,"–ò–Ω—Ç–µ—Ä–µ—Å—É–µ—Ç –∂–∏–ª—å—ë-—ç–∫–æ–Ω–æ–º, –∫–æ–Ω–¥–∏—Ü–∏–æ–Ω–µ—Ä —Ç–æ–ª—å–∫–æ —á—Ç–æ–±—ã –±—ã–ª, —Ü–µ–Ω–∞ —Å —á–µ–ª–æ–≤–µ–∫–∞? –†—è–¥–æ–º —Å –º–æ—Ä–µ–º, +- 5-10 –º–∏–Ω—É—Ç —Ö–æ–¥—å–±—ã, —Å 10 –ø–æ 20 –∏—é–ª—è –ø—Ä–∏–º–µ—Ä–Ω–æ! –ë—É–¥–µ—Ç —Ç–æ–ª—å–∫–æ –∂–µ–Ω—â–∏–Ω–∞. –°–ø–∞—Å–∏–±–æ)"
2,296021803,"–ó–¥—Ä–∞–≤—Å—Ç–≤—É–π—Ç–µ, –∏—â–µ–º –∂–∏–ª—å–µ —Å 22.07 –ø–æ 31.07 2-—Ö –º–µ—Å—Ç–Ω—ã–π"
7,162173888,"–ó–¥—Ä–∞—Å—Ç–≤—É–π—Ç–µ...–ò—â–µ–º –∂–∏–ª—å–µ –≤ –õ–∞–∑–∞—Ä–µ–≤—Å–∫–æ–º , —Å 2 –ø–æ 13 –∞–≤–≥—É—Å—Ç–∞ (–ø—Ä–∏–º–µ—Ä–Ω–æ)..3 –≤–∑—Ä–æ—Å–ª—ã—Ö –∏ 4 –¥–µ—Ç–µ–π (–≤–æ–∑—Ä–∞—Å—Ç –æ—Ç 14 –¥–æ 6 –ª–µ—Ç) –Ω–µ–¥–æ—Ä–æ–≥–æ"
5,228328421,–ó–¥—Ä–∞–≤—Å—Ç–≤—É–π—Ç–µ –∏—â–µ–º –∂–∏–ª—å—ë 3 –≤–∑—Ä–æ—Å–ª—ã—Ö 2 –¥–µ—Ç–µ–π –≤ –õ–∞–∑–∞—Ä–µ–≤—Å–∫–æ–º —Å 13.06 –ø–æ 20.06
4,9890691,"–ó–¥—Ä–∞–≤—Å—Ç–≤—É–π—Ç–µ,  –∏—â–µ–º –∂–∏–ª—å–µ —Å –∂–µ–Ω–æ–π –≤ –õ–∞–∑–µ—Ä–µ–≤—Å–∫–æ–º, 2 –¥–µ—Ç–µ–π 11 –∏ 4–ª–µ—Ç, –Ω–∞ 29.06.19, –ø–æ–¥ –∫–ª—é—á"
3,399249920,–ó–¥—Ä–∞–≤—Å—Ç–≤—É–π—Ç–µ!–ò—â–µ–º –∂–∏–ª—å—ë –≤ –õ–∞–∑–∞—Ä–µ–≤—Å–∫–æ–µ.2 –≤–∑—Ä–æ—Å–ª—ã—Ö –∏ 1 —Ä–µ–±—ë–Ω–æ–∫ 10 –ª–µ—Ç.–í –ø–µ—Ä–∏–æ–¥ —Å 25.07. –ü–æ 06.08.
3,316530114,–ó–¥—Ä–∞–≤—Å—Ç–≤—É–π—Ç–µ! –ò—â–µ–º –∂–∏–ª—å–µ —Å 17.06 –Ω–∞ 21 –¥–µ–Ω—å( 2 –≤–∑—Ä–æ—Å–ª—ã—Ö –∏ 1 —Ä–µ–±—ë–Ω–æ–∫ 12 –ª–µ—Ç). –†–∞–π–æ–Ω –û–ª–∏–º–ø–∏–π—Å–∫–æ–≥–æ –ø–∞—Ä–∫–∞- –ò–º–µ—Ä–µ—Ç–∏–Ω—Å–∫–∞—è –±—É—Ö—Ç–∞)–Ω–µ –¥–∞–ª–µ–∫–æ –æ—Ç –º–æ—Ä—è.–°–æ –≤—Å–µ–º–∏ —É–¥–æ–±—Å—Ç–≤–∞–º–∏.
7,514036726,"–î–æ–±—Ä—ã–π –¥–µ–Ω—å. –ò—â–µ–º –∂–∏–ª—å—ë –Ω–∞ –∏—é–ª—å –º–µ—Å—è—Ü –≤ –õ–∞–∑–∞—Ä–µ–≤—Å–∫–æ–º. 5–≤–∑—Ä–æ—Å–ª—ã—Ö –∏ 2 –¥–µ—Ç–µ–π 5 –∏ 12 –ª–µ—Ç. –ò–Ω—Ç–µ—Ä–µ—Å—É–µ—Ç —Å –±–∞—Å—Å–µ–π–Ω, –¥–µ—Ç—Å–∫–∞—è –ø–ª–æ—â–∞–¥–∫–∞,–∫—É—Ö–Ω—è –¥–ª—è —Å–∞–º–æ—Å—Ç–æ—è—Ç–µ–ª—å–Ω–æ–≥–æ –ø—Ä–∏–≥–æ—Ç–æ–≤–ª–µ–Ω–∏—è.–≤ –ª.—Å. 10.07 - 20.07"
5,364570867,"–ò—â–µ–º –∂–∏–ª—å—ë –≤ –õ–∞–∑–∞—Ä–µ–≤—Å–∫–æ–º, –æ–∫–æ–ª–æ –º–æ—Ä—è, 2 –≤–∑—Ä–æ—Å–ª—ã—Ö –∏ —Ç—Ä–æ–µ –¥–µ—Ç–µ–π ( 10, 12, 4 –≥–æ–¥–∞), –¥–≤—É—Ö–∫–æ–º–Ω–∞—Ç–Ω—ã–π –Ω–æ–º–µ—Ä, –Ω–µ–¥–æ—Ä–æ–≥–æ, —Å 11.08.2019"
5,34710969,"–ò—â–µ–º –∂–∏–ª—å—ë  . 2 –≤–∑—Ä–æ—Å–ª—ã—Ö, —Ç—Ä–æ–µ –¥–µ—Ç–µ–π( 2 –≥, 5 –ª–µ—Ç , 8 –ª–µ—Ç).–Ω–µ –¥–∞–ª–µ–∫–æ –æ—Ç –º–æ—Ä—è , –∞–Ω–∏–º–∞—Ü–∏—è ( –±—ã–ª–æ –±—ã –æ—Ç–ª–∏—á–Ω–æ), –∂–µ–ª–∞—Ç–µ–ª—å–Ω–æ –±–∞—Å—Å–µ–π–Ω, –¥–µ—Ç—Å–∫–∞—è –ø–ª–æ—â–∞–¥–∫–∞.  –ü–µ—Ä–∏–æ–¥ —Å 10 –∞–≤–≥—É—Å—Ç–∞ –ø–æ 22-23 –∞–≤–≥—É—Å—Ç–∞. –ù–µ –±–æ–ª—å—à–µ 3500 —Ç –∑–∞ —Å—É—Ç–∫–∏"
4,18711532,"–ò—â–µ–º –∂–∏–ª—å–µ, 4 —á–µ–ª–æ–≤–µ–∫, 3 –≤–∑—Ä–æ—Å–ª—ã—Ö –∏ 1 —Ä–µ–±–µ–Ω–æ–∫ 7 –ª–µ—Ç, —Å —É–¥–æ–±—Å—Ç–≤–∞–º–∏, –¥–≤—É—Ö–∫–æ–º–Ω–∞—Ç–Ω—ã–π, –ª–∏–±–æ –¥–≤–∞, –¥–≤—É—Ö –º–µ—Å—Ç–Ω—ã—Ö, —Å —É–¥–æ–±—Å—Ç–≤–∞–º–∏ –∏ –±–∞—Å–µ–π–Ω–æ–º, —Å 16 –∏—é–ª—è –¥–æ 27 –∏—é–ª—è."
12,129035061,"–î–æ–±—Ä—ã–π –¥–µ–Ω—å! –ò—â–µ–º –∂–∏–ª—å–µ –Ω–∞ 12 —á–µ–ª–æ–≤–µ–∫, 7 –≤–∑—Ä–æ—Å–ª—ã—Ö –∏ 5 –¥–µ—Ç–µ–π(3 –≥, 6 –ª,9 –ª), —Å 15.07.19–≥. –ø–æ 25.07.19–≥. –í–æ–∑–º–æ–∂–Ω–æ –ª–∏ –Ω–∞–π—Ç–∏ –¥–æ–º –ø–æ–¥ –∫–ª—é—á –∏–ª–∏ –µ—Å—Ç—å –∫–∞–∫–∏–µ –≤—ã–≥–æ–¥–Ω—ã–µ –ø—Ä–µ–¥–ª–æ–∂–µ–Ω–∏—è?"
9,233661411,"–î–æ–±—Ä—ã–π –¥–µ–Ω—å! –ò—â–µ–º –∂–∏–ª—å–µ –Ω–∞ 9 —á–µ–ª–æ–≤–µ–∫, 4 –≤–∑—Ä–æ—Å–ª—ã—Ö –∏ 5 –¥–µ—Ç–µ–π(4 –≥, 6 –ª,6 –ª, 11 –ª, 13–ª.), —Å 10.07.19–≥. –ø–æ 28.07.19–≥. –ñ–µ–ª–∞—Ç–µ–ª—å–Ω–æ –¥–æ–º –ø–æ–¥ –∫–ª—é—á. –ü–æ–±–ª–∏–∂–µ –∫ –º–æ—Ä—é"
1,77792435,–ó–¥—Ä–∞–≤—Å—Ç–≤—É–π—Ç–µ. –ò—â–µ–º –∂–∏–ª—å—ë –≤ –ø–µ—Ä–∏–æ–¥ —Å 26 –º–∞—è –ø–æ 14 –∏—é–Ω—è. –†—è–¥–æ–º —Å —Å–∞–Ω–∞—Ç–æ—Ä–∏–µ–º –ë–∏—Ä—é–∑–∞. –ù–∞ –æ–¥–Ω–æ–≥–æ —á–µ–ª–æ–≤–µ–∫–∞ –∏ –¥–≤–µ –º–∞–ª–µ–Ω—å–∫–∏–µ —Å–æ–±–∞—á–∫–∏.
2,102311098,"–î–æ–±—Ä—ã–π –¥–µ–Ω—å! –ò—â–µ–º –∂–∏–ª—å–µ –≤ –õ–∞–∑–∞—Ä–µ–≤—Å–∫–æ–º —Å 02.07-10.07. –î–≤—É—Ö–º–µ—Å—Ç–Ω—ã–π –Ω–æ–º–µ—Ä —Å —É–¥–æ–±—Å—Ç–≤–∞–º–∏. –í–±–ª–∏–∑–∏ –º–æ—Ä—è, –Ω–µ –æ–∫—Ä–∞–∏–Ω–∞. –î–æ 2—Ç.—Ä./—Å—É—Ç."
2,123993850,"–ò—â–µ–º –Ω–µ –¥–æ—Ä–æ–≥–æ–µ –∂–∏–ª—å—ë –Ω–∞ –Ω–∞—á–∞–ª–æ –∏—é–ª—è , –Ω–µ –¥–∞–ª–µ–∫–æ –æ—Ç –º–æ—Ä—è ..,–Ω–∞ 2—Ö"
3,54495881,"–∏—â–µ–º –∂–∏–ª—å–µ —Å 8-20 –∞–≤–≥—É—Å—Ç–∞ —Å –±–∞—Å—Å–µ–π–Ω–æ–º 3–º–µ—Å—Ç –Ω–æ–º–µ—Ä ,–¥–æ –º–æ—Ä—è –Ω–µ –¥–æ–ª—å—à–µ 10–º–∏–Ω, –Ω–µ –≤ –≥–æ—Ä—É"
